domain_code,domain,area_code_m49,area,element_code,element,item_code_cpc,item,year_code,year,unit,value,flag,flag_description,total,share,share_de,country_de,country_de_clean,item_de,item_de_clean,share_de_clean
FBS,Food Balances (2010-),4,Afghanistan,664,Food supply (kcal/capita/day),S2511,Wheat and products,2019,2019,kcal/capita/day,1387,E,Estimated value,2271,61.07,61.07,Afghanistan,Afghanistan,Weizen und Produkte,Weizen,"61,07"
FBS,Food Balances (2010-),8,Albania,664,Food supply (kcal/capita/day),S2511,Wheat and products,2019,2019,kcal/capita/day,999,E,Estimated value,3334,29.96,29.96,Albania,Albanien,Weizen und Produkte,Weizen,"29,96"
FBS,Food Balances (2010-),12,Algeria,664,Food supply (kcal/capita/day),S2511,Wheat and products,2019,2019,kcal/capita/day,1401,E,Estimated value,3490,40.14,40.14,Algeria,Algerien,Weizen und Produkte,Weizen,"40,14"
FBS,Food Balances (2010-),24,Angola,664,Food supply (kcal/capita/day),S2532,Cassava and products,2019,2019,kcal/capita/day,599,E,Estimated value,2441,24.54,24.54,Angola,Angola,Maniok und Produkte,Maniok,"24,54"
FBS,Food Balances (2010-),28,Antigua and Barbuda,664,Food supply (kcal/capita/day),S2511,Wheat and products,2019,2019,kcal/capita/day,596,E,Estimated value,2483,24,24,Antigua and Barbuda,Antigua und Barbuda,Weizen und Produkte,Weizen,24
FBS,Food Balances (2010-),32,Argentina,664,Food supply (kcal/capita/day),S2511,Wheat and products,2019,2019,kcal/capita/day,915,E,Estimated value,3303,27.7,27.7,Argentina,Argentinien,Weizen und Produkte,Weizen,"27,7"
FBS,Food Balances (2010-),51,Armenia,664,Food supply (kcal/capita/day),S2511,Wheat and products,2019,2019,kcal/capita/day,778,E,Estimated value,3019,25.77,25.77,Armenia,Armenien,Weizen und Produkte,Weizen,"25,77"
FBS,Food Balances (2010-),36,Australia,664,Food supply (kcal/capita/day),S2511,Wheat and products,2019,2019,kcal/capita/day,611,E,Estimated value,3418,17.88,17.88,Australia,Australien,Weizen und Produkte,Weizen,"17,88"
FBS,Food Balances (2010-),40,Austria,664,Food supply (kcal/capita/day),S2511,Wheat and products,2019,2019,kcal/capita/day,702,E,Estimated value,3692,19.01,19.01,Austria,Österreich,Weizen und Produkte,Weizen,"19,01"
FBS,Food Balances (2010-),31,Azerbaijan,664,Food supply (kcal/capita/day),S2511,Wheat and products,2019,2019,kcal/capita/day,1575,E,Estimated value,3149,50.02,50.02,Azerbaijan,Aserbaidschan,Weizen und Produkte,Weizen,"50,02"
FBS,Food Balances (2010-),44,The Bahamas,664,Food supply (kcal/capita/day),S2511,Wheat and products,2019,2019,kcal/capita/day,321,E,Estimated value,2624,12.23,12.23,The Bahamas,Die Bahamas,Weizen und Produkte,Weizen,"12,23"
FBS,Food Balances (2010-),50,Bangladesh,664,Food supply (kcal/capita/day),S2807,Rice and products,2019,2019,kcal/capita/day,1787,E,Estimated value,2626,68.05,68.05,Bangladesh,Bangladesch,Reis und Produkte,Reis,"68,05"
FBS,Food Balances (2010-),52,Barbados,664,Food supply (kcal/capita/day),S2511,Wheat and products,2019,2019,kcal/capita/day,638,E,Estimated value,2985,21.37,21.37,Barbados,Barbados,Weizen und Produkte,Weizen,"21,37"
FBS,Food Balances (2010-),112,Belarus,664,Food supply (kcal/capita/day),S2511,Wheat and products,2019,2019,kcal/capita/day,605,E,Estimated value,3291,18.38,18.38,Belarus,Weißrussland,Weizen und Produkte,Weizen,"18,38"
FBS,Food Balances (2010-),56,Belgium,664,Food supply (kcal/capita/day),S2511,Wheat and products,2019,2019,kcal/capita/day,697,E,Estimated value,3795,18.37,18.37,Belgium,Belgien,Weizen und Produkte,Weizen,"18,37"
FBS,Food Balances (2010-),84,Belize,664,Food supply (kcal/capita/day),S2511,Wheat and products,2019,2019,kcal/capita/day,486,E,Estimated value,2745,17.7,17.7,Belize,Belize,Weizen und Produkte,Weizen,"17,7"
FBS,Food Balances (2010-),204,Benin,664,Food supply (kcal/capita/day),S2807,Rice and products,2019,2019,kcal/capita/day,610,E,Estimated value,2773,22,22,Benin,Benin,Reis und Produkte,Reis,22
FBS,Food Balances (2010-),68,Bolivia,664,Food supply (kcal/capita/day),S2511,Wheat and products,2019,2019,kcal/capita/day,452,E,Estimated value,2462,18.36,18.36,Bolivia,Bolivien,Weizen und Produkte,Weizen,"18,36"
FBS,Food Balances (2010-),70,Bosnia and Herzegovina,664,Food supply (kcal/capita/day),S2511,Wheat and products,2019,2019,kcal/capita/day,710,E,Estimated value,3317,21.4,21.4,Bosnia and Herzegovina,Bosnien und Herzegowina,Weizen und Produkte,Weizen,"21,4"
FBS,Food Balances (2010-),72,Botswana,664,Food supply (kcal/capita/day),S2514,Maize and products,2019,2019,kcal/capita/day,775,E,Estimated value,2567,30.19,30.19,Botswana,Botswana,Mais und Produkte,Mais,"30,19"
FBS,Food Balances (2010-),76,Brazil,664,Food supply (kcal/capita/day),S2542,Sugar (Raw Equivalent),2019,2019,kcal/capita/day,384,E,Estimated value,3249,11.82,11.82,Brazil,Brasilien,Zucker (rohes Äquivalent),Zucker (rohes Äquivalent),"11,82"
FBS,Food Balances (2010-),100,Bulgaria,664,Food supply (kcal/capita/day),S2511,Wheat and products,2019,2019,kcal/capita/day,749,E,Estimated value,2853,26.25,26.25,Bulgaria,Bulgarien,Weizen und Produkte,Weizen,"26,25"
FBS,Food Balances (2010-),854,Burkina Faso,664,Food supply (kcal/capita/day),S2514,Maize and products,2019,2019,kcal/capita/day,623,E,Estimated value,2735,22.78,22.78,Burkina Faso,Burkina Faso,Mais und Produkte,Mais,"22,78"
FBS,Food Balances (2010-),108,Burundi,664,Food supply (kcal/capita/day),S2532,Cassava and products,2019,2019,kcal/capita/day,569,E,Estimated value,1749,32.53,32.53,Burundi,Burundi,Maniok und Produkte,Maniok,"32,53"
FBS,Food Balances (2010-),132,Cape Verde,664,Food supply (kcal/capita/day),S2807,Rice and products,2019,2019,kcal/capita/day,545,E,Estimated value,2585,21.08,21.08,Green cape,Grüner Umhang,Reis und Produkte,Reis,"21,08"
FBS,Food Balances (2010-),116,Cambodia,664,Food supply (kcal/capita/day),S2807,Rice and products,2019,2019,kcal/capita/day,1563,E,Estimated value,2697,57.95,57.95,Cambodia,Kambodscha,Reis und Produkte,Reis,"57,95"
FBS,Food Balances (2010-),120,Cameroon,664,Food supply (kcal/capita/day),S2514,Maize and products,2019,2019,kcal/capita/day,374,E,Estimated value,2771,13.5,13.5,Cameroon,Kamerun,Mais und Produkte,Mais,"13,5"
FBS,Food Balances (2010-),124,Canada,664,Food supply (kcal/capita/day),S2511,Wheat and products,2019,2019,kcal/capita/day,591,E,Estimated value,3540,16.69,16.69,Canada,Kanada,Weizen und Produkte,Weizen,"16,69"
FBS,Food Balances (2010-),140,Central African Republic,664,Food supply (kcal/capita/day),S2532,Cassava and products,2019,2019,kcal/capita/day,382,E,Estimated value,1866,20.47,20.47,Central African Republic,Zentralafrikanische Republik,Maniok und Produkte,Maniok,"20,47"
FBS,Food Balances (2010-),148,Chad,664,Food supply (kcal/capita/day),S2518,Sorghum and products,2019,2019,kcal/capita/day,441,E,Estimated value,2272,19.41,19.41,Chad,Tschad,Sorghum und Produkte,Sorghum,"19,41"
FBS,Food Balances (2010-),152,Chile,664,Food supply (kcal/capita/day),S2511,Wheat and products,2019,2019,kcal/capita/day,908,E,Estimated value,3080,29.48,29.48,Chile,Chile,Weizen und Produkte,Weizen,"29,48"
FBS,Food Balances (2010-),159,China,664,Food supply (kcal/capita/day),S2807,Rice and products,2019,2019,kcal/capita/day,869,E,Estimated value,3342,26,26,China,China,Reis und Produkte,Reis,26
FBS,Food Balances (2010-),344,China,664,Food supply (kcal/capita/day),S2511,Wheat and products,2019,2019,kcal/capita/day,440,E,Estimated value,3236,13.6,13.6,China,China,Weizen und Produkte,Weizen,"13,6"
FBS,Food Balances (2010-),446,China,664,Food supply (kcal/capita/day),S2511,Wheat and products,2019,2019,kcal/capita/day,491,E,Estimated value,3307,14.85,14.85,China,China,Weizen und Produkte,Weizen,"14,85"
FBS,Food Balances (2010-),156,China,664,Food supply (kcal/capita/day),S2807,Rice and products,2019,2019,kcal/capita/day,880,E,Estimated value,3345,26.31,26.31,China,China,Reis und Produkte,Reis,"26,31"
FBS,Food Balances (2010-),158,Taiwan,664,Food supply (kcal/capita/day),S2571,Soyabean Oil,2019,2019,kcal/capita/day,419,E,Estimated value,2955,14.18,14.18,Taiwan,Taiwan,Sojabohnenöl,Sojabohnenöl,"14,18"
FBS,Food Balances (2010-),170,Colombia,664,Food supply (kcal/capita/day),S2807,Rice and products,2019,2019,kcal/capita/day,323,E,Estimated value,2989,10.81,10.81,Colombia,Kolumbien,Reis und Produkte,Reis,"10,81"
FBS,Food Balances (2010-),174,Comoros,664,Food supply (kcal/capita/day),S2807,Rice and products,2019,2019,kcal/capita/day,795,E,Estimated value,2283,34.82,34.82,Comoros,Komoros,Reis und Produkte,Reis,"34,82"
FBS,Food Balances (2010-),178,Congo,664,Food supply (kcal/capita/day),S2532,Cassava and products,2019,2019,kcal/capita/day,795,E,Estimated value,2181,36.45,36.45,Congo,Kongo,Maniok und Produkte,Maniok,"36,45"
FBS,Food Balances (2010-),188,Costa Rica,664,Food supply (kcal/capita/day),S2542,Sugar (Raw Equivalent),2019,2019,kcal/capita/day,464,E,Estimated value,2992,15.51,15.51,Costa Rica,Costa Rica,Zucker (rohes Äquivalent),Zucker (rohes Äquivalent),"15,51"
FBS,Food Balances (2010-),384,Côte d'Ivoire,664,Food supply (kcal/capita/day),S2807,Rice and products,2019,2019,kcal/capita/day,749,E,Estimated value,2838,26.39,26.39,Ivory Coast,Elfenbeinküste,Reis und Produkte,Reis,"26,39"
FBS,Food Balances (2010-),191,Croatia,664,Food supply (kcal/capita/day),S2511,Wheat and products,2019,2019,kcal/capita/day,729,E,Estimated value,3123,23.34,23.34,Croatia,Kroatien,Weizen und Produkte,Weizen,"23,34"
FBS,Food Balances (2010-),192,Cuba,664,Food supply (kcal/capita/day),S2807,Rice and products,2019,2019,kcal/capita/day,615,E,Estimated value,3375,18.22,18.22,Cuba,Kuba,Reis und Produkte,Reis,"18,22"
FBS,Food Balances (2010-),196,Cyprus,664,Food supply (kcal/capita/day),S2511,Wheat and products,2019,2019,kcal/capita/day,964,E,Estimated value,3040,31.71,31.71,Cyprus,Zypern,Weizen und Produkte,Weizen,"31,71"
FBS,Food Balances (2010-),203,Czechia,664,Food supply (kcal/capita/day),S2511,Wheat and products,2019,2019,kcal/capita/day,637,E,Estimated value,3288,19.37,19.37,Czechia,Tschechien,Weizen und Produkte,Weizen,"19,37"
FBS,Food Balances (2010-),408,South Korea,664,Food supply (kcal/capita/day),S2807,Rice and products,2019,2019,kcal/capita/day,720,E,Estimated value,2092,34.42,34.42,South Korea,Südkorea,Reis und Produkte,Reis,"34,42"
FBS,Food Balances (2010-),180,Democratic Republic of Congo,664,Food supply (kcal/capita/day),S2532,Cassava and products,2019,2019,kcal/capita/day,1015,E,Estimated value,1912,53.09,53.09,Democratic Republic of Congo,Demokratische Republik Kongo,Maniok und Produkte,Maniok,"53,09"
FBS,Food Balances (2010-),208,Denmark,664,Food supply (kcal/capita/day),S2511,Wheat and products,2019,2019,kcal/capita/day,593,E,Estimated value,3418,17.35,17.35,Denmark,Dänemark,Weizen und Produkte,Weizen,"17,35"
FBS,Food Balances (2010-),262,Djibouti,664,Food supply (kcal/capita/day),S2511,Wheat and products,2019,2019,kcal/capita/day,989,E,Estimated value,2793,35.41,35.41,Djibouti,Dschibuti,Weizen und Produkte,Weizen,"35,41"
FBS,Food Balances (2010-),212,Dominica,664,Food supply (kcal/capita/day),S2511,Wheat and products,2019,2019,kcal/capita/day,507,E,Estimated value,2929,17.31,17.31,Dominica,Dominica,Weizen und Produkte,Weizen,"17,31"
FBS,Food Balances (2010-),214,Dominican Republic,664,Food supply (kcal/capita/day),S2807,Rice and products,2019,2019,kcal/capita/day,486,E,Estimated value,2967,16.38,16.38,Dominican Republic,Dominikanische Republik,Reis und Produkte,Reis,"16,38"
FBS,Food Balances (2010-),218,Ecuador,664,Food supply (kcal/capita/day),S2807,Rice and products,2019,2019,kcal/capita/day,350,E,Estimated value,2562,13.66,13.66,Ecuador,Ecuador,Reis und Produkte,Reis,"13,66"
FBS,Food Balances (2010-),818,Egypt,664,Food supply (kcal/capita/day),S2511,Wheat and products,2019,2019,kcal/capita/day,1167,E,Estimated value,3304,35.32,35.32,Egypt,Ägypten,Weizen und Produkte,Weizen,"35,32"
FBS,Food Balances (2010-),222,El Salvador,664,Food supply (kcal/capita/day),S2514,Maize and products,2019,2019,kcal/capita/day,702,E,Estimated value,2736,25.66,25.66,The Savior,Der Retter,Mais und Produkte,Mais,"25,66"
FBS,Food Balances (2010-),233,Estonia,664,Food supply (kcal/capita/day),S2848,Milk - Excluding Butter,2019,2019,kcal/capita/day,531,E,Estimated value,3162,16.79,16.79,Estonia,Estland,Milch - ohne Butter,Milch - ohne Butter,"16,79"
FBS,Food Balances (2010-),748,Eswatini,664,Food supply (kcal/capita/day),S2514,Maize and products,2019,2019,kcal/capita/day,664,E,Estimated value,2540,26.14,26.14,In the tattoo,Im Tattoo,Mais und Produkte,Mais,"26,14"
FBS,Food Balances (2010-),231,Ethiopia,664,Food supply (kcal/capita/day),S2514,Maize and products,2019,2019,kcal/capita/day,474,E,Estimated value,2434,19.47,19.47,Ethiopia,Äthiopien,Mais und Produkte,Mais,"19,47"
FBS,Food Balances (2010-),242,Fiji,664,Food supply (kcal/capita/day),S2511,Wheat and products,2019,2019,kcal/capita/day,613,E,Estimated value,2856,21.46,21.46,Fiji,Fidschi,Weizen und Produkte,Weizen,"21,46"
FBS,Food Balances (2010-),246,Finland,664,Food supply (kcal/capita/day),S2511,Wheat and products,2019,2019,kcal/capita/day,682,E,Estimated value,3315,20.57,20.57,Finland,Finnland,Weizen und Produkte,Weizen,"20,57"
FBS,Food Balances (2010-),250,France,664,Food supply (kcal/capita/day),S2511,Wheat and products,2019,2019,kcal/capita/day,898,E,Estimated value,3534,25.41,25.41,France,Frankreich,Weizen und Produkte,Weizen,"25,41"
FBS,Food Balances (2010-),258,French Polynesia,664,Food supply (kcal/capita/day),S2511,Wheat and products,2019,2019,kcal/capita/day,588,E,Estimated value,2921,20.13,20.13,French Polynesia,Französisch Polynesien,Weizen und Produkte,Weizen,"20,13"
FBS,Food Balances (2010-),266,Gabon,664,Food supply (kcal/capita/day),S2511,Wheat and products,2019,2019,kcal/capita/day,440,E,Estimated value,2627,16.75,16.75,Gabon,Gabon,Weizen und Produkte,Weizen,"16,75"
FBS,Food Balances (2010-),270,The Gambia,664,Food supply (kcal/capita/day),S2807,Rice and products,2019,2019,kcal/capita/day,794,E,Estimated value,2478,32.04,32.04,The Gambia,Der Gambia,Reis und Produkte,Reis,"32,04"
FBS,Food Balances (2010-),268,Georgia,664,Food supply (kcal/capita/day),S2511,Wheat and products,2019,2019,kcal/capita/day,1034,E,Estimated value,2858,36.18,36.18,Georgia,Georgia,Weizen und Produkte,Weizen,"36,18"
FBS,Food Balances (2010-),276,Germany,664,Food supply (kcal/capita/day),S2511,Wheat and products,2019,2019,kcal/capita/day,692,E,Estimated value,3558,19.45,19.45,Germany,Deutschland,Weizen und Produkte,Weizen,"19,45"
FBS,Food Balances (2010-),288,Ghana,664,Food supply (kcal/capita/day),S2532,Cassava and products,2019,2019,kcal/capita/day,799,E,Estimated value,3112,25.67,25.67,Ghana,Ghana,Maniok und Produkte,Maniok,"25,67"
FBS,Food Balances (2010-),300,Greece,664,Food supply (kcal/capita/day),S2511,Wheat and products,2019,2019,kcal/capita/day,809,E,Estimated value,3396,23.82,23.82,Greece,Griechenland,Weizen und Produkte,Weizen,"23,82"
FBS,Food Balances (2010-),308,Grenada,664,Food supply (kcal/capita/day),S2511,Wheat and products,2019,2019,kcal/capita/day,457,E,Estimated value,2478,18.44,18.44,Grenada,Grenada,Weizen und Produkte,Weizen,"18,44"
FBS,Food Balances (2010-),320,Guatemala,664,Food supply (kcal/capita/day),S2514,Maize and products,2019,2019,kcal/capita/day,846,E,Estimated value,2552,33.15,33.15,Guatemala,Guatemala,Mais und Produkte,Mais,"33,15"
FBS,Food Balances (2010-),324,Guinea,664,Food supply (kcal/capita/day),S2807,Rice and products,2019,2019,kcal/capita/day,935,E,Estimated value,2845,32.86,32.86,Guinea,Guinea,Reis und Produkte,Reis,"32,86"
FBS,Food Balances (2010-),624,Guinea-Bissau,664,Food supply (kcal/capita/day),S2807,Rice and products,2019,2019,kcal/capita/day,997,E,Estimated value,2230,44.71,44.71,Guinea-Bissau,Guinea-Bissau,Reis und Produkte,Reis,"44,71"
FBS,Food Balances (2010-),328,Guyana,664,Food supply (kcal/capita/day),S2807,Rice and products,2019,2019,kcal/capita/day,745,E,Estimated value,2945,25.3,25.3,Guyana,Guyana,Reis und Produkte,Reis,"25,3"
FBS,Food Balances (2010-),332,Haiti,664,Food supply (kcal/capita/day),S2807,Rice and products,2019,2019,kcal/capita/day,485,E,Estimated value,2157,22.48,22.48,Haiti,Haiti,Reis und Produkte,Reis,"22,48"
FBS,Food Balances (2010-),340,Honduras,664,Food supply (kcal/capita/day),S2514,Maize and products,2019,2019,kcal/capita/day,741,E,Estimated value,2674,27.71,27.71,Honduras,Honduras,Mais und Produkte,Mais,"27,71"
FBS,Food Balances (2010-),348,Hungary,664,Food supply (kcal/capita/day),S2511,Wheat and products,2019,2019,kcal/capita/day,868,E,Estimated value,3390,25.6,25.6,Hungary,Ungarn,Weizen und Produkte,Weizen,"25,6"
FBS,Food Balances (2010-),352,Iceland,664,Food supply (kcal/capita/day),S2511,Wheat and products,2019,2019,kcal/capita/day,694,E,Estimated value,3638,19.08,19.08,Iceland,Island,Weizen und Produkte,Weizen,"19,08"
FBS,Food Balances (2010-),356,India,664,Food supply (kcal/capita/day),S2807,Rice and products,2019,2019,kcal/capita/day,718,E,Estimated value,2576,27.87,27.87,India,Indien,Reis und Produkte,Reis,"27,87"
FBS,Food Balances (2010-),360,Indonesia,664,Food supply (kcal/capita/day),S2807,Rice and products,2019,2019,kcal/capita/day,1185,E,Estimated value,2878,41.17,41.17,Indonesia,Indonesien,Reis und Produkte,Reis,"41,17"
FBS,Food Balances (2010-),364,Iran,664,Food supply (kcal/capita/day),S2511,Wheat and products,2019,2019,kcal/capita/day,1265,E,Estimated value,3000,42.17,42.17,Iran,Iran,Weizen und Produkte,Weizen,"42,17"
FBS,Food Balances (2010-),368,Iraq,664,Food supply (kcal/capita/day),S2511,Wheat and products,2019,2019,kcal/capita/day,1199,E,Estimated value,2610,45.94,45.94,Iraq,Irak,Weizen und Produkte,Weizen,"45,94"
FBS,Food Balances (2010-),372,Ireland,664,Food supply (kcal/capita/day),S2511,Wheat and products,2019,2019,kcal/capita/day,894,E,Estimated value,3816,23.43,23.43,Ireland,Irland,Weizen und Produkte,Weizen,"23,43"
FBS,Food Balances (2010-),376,Israel,664,Food supply (kcal/capita/day),S2511,Wheat and products,2019,2019,kcal/capita/day,822,E,Estimated value,3554,23.13,23.13,Israel,Israel,Weizen und Produkte,Weizen,"23,13"
FBS,Food Balances (2010-),380,Italy,664,Food supply (kcal/capita/day),S2511,Wheat and products,2019,2019,kcal/capita/day,1027,E,Estimated value,3503,29.32,29.32,Italy,Italien,Weizen und Produkte,Weizen,"29,32"
FBS,Food Balances (2010-),388,Jamaica,664,Food supply (kcal/capita/day),S2511,Wheat and products,2019,2019,kcal/capita/day,595,E,Estimated value,2768,21.5,21.5,Jamaica,Jamaika,Weizen und Produkte,Weizen,"21,5"
FBS,Food Balances (2010-),392,Japan,664,Food supply (kcal/capita/day),S2807,Rice and products,2019,2019,kcal/capita/day,574,E,Estimated value,2697,21.28,21.28,Japan,Japan,Reis und Produkte,Reis,"21,28"
FBS,Food Balances (2010-),400,Jordan,664,Food supply (kcal/capita/day),S2511,Wheat and products,2019,2019,kcal/capita/day,779,E,Estimated value,2528,30.81,30.81,Jordan,Jordanien,Weizen und Produkte,Weizen,"30,81"
FBS,Food Balances (2010-),398,Kazakhstan,664,Food supply (kcal/capita/day),S2511,Wheat and products,2019,2019,kcal/capita/day,843,E,Estimated value,3332,25.3,25.3,Kazakhstan,Kasachstan,Weizen und Produkte,Weizen,"25,3"
FBS,Food Balances (2010-),404,Kenya,664,Food supply (kcal/capita/day),S2514,Maize and products,2019,2019,kcal/capita/day,642,E,Estimated value,2199,29.2,29.2,Kenya,Kenia,Mais und Produkte,Mais,"29,2"
FBS,Food Balances (2010-),296,Kiribati,664,Food supply (kcal/capita/day),S2807,Rice and products,2019,2019,kcal/capita/day,657,E,Estimated value,3070,21.4,21.4,Kiribati,Kiribati,Reis und Produkte,Reis,"21,4"
FBS,Food Balances (2010-),414,Kuwait,664,Food supply (kcal/capita/day),S2511,Wheat and products,2019,2019,kcal/capita/day,868,E,Estimated value,3448,25.17,25.17,Kuwait,Kuwait,Weizen und Produkte,Weizen,"25,17"
FBS,Food Balances (2010-),417,Kyrgyzstan,664,Food supply (kcal/capita/day),S2511,Wheat and products,2019,2019,kcal/capita/day,1014,E,Estimated value,2724,37.22,37.22,Kyrgyzstan,Kirgisistan,Weizen und Produkte,Weizen,"37,22"
FBS,Food Balances (2010-),418,Laos,664,Food supply (kcal/capita/day),S2807,Rice and products,2019,2019,kcal/capita/day,1454,E,Estimated value,2760,52.68,52.68,Laos,Laos,Reis und Produkte,Reis,"52,68"
FBS,Food Balances (2010-),428,Latvia,664,Food supply (kcal/capita/day),S2511,Wheat and products,2019,2019,kcal/capita/day,514,E,Estimated value,3253,15.8,15.8,Latvia,Lettland,Weizen und Produkte,Weizen,"15,8"
FBS,Food Balances (2010-),422,Lebanon,664,Food supply (kcal/capita/day),S2511,Wheat and products,2019,2019,kcal/capita/day,1029,E,Estimated value,2870,35.85,35.85,Lebanon,Libanon,Weizen und Produkte,Weizen,"35,85"
FBS,Food Balances (2010-),426,Lesotho,664,Food supply (kcal/capita/day),S2514,Maize and products,2019,2019,kcal/capita/day,1083,E,Estimated value,2187,49.52,49.52,Lesotho,Lesotho,Mais und Produkte,Mais,"49,52"
FBS,Food Balances (2010-),430,Liberia,664,Food supply (kcal/capita/day),S2807,Rice and products,2019,2019,kcal/capita/day,1041,E,Estimated value,2147,48.49,48.49,Liberia,Liberia,Reis und Produkte,Reis,"48,49"
FBS,Food Balances (2010-),434,Libya,664,Food supply (kcal/capita/day),S2511,Wheat and products,2019,2019,kcal/capita/day,1059,E,Estimated value,3141,33.72,33.72,Libya,Libyen,Weizen und Produkte,Weizen,"33,72"
FBS,Food Balances (2010-),440,Lithuania,664,Food supply (kcal/capita/day),S2511,Wheat and products,2019,2019,kcal/capita/day,910,E,Estimated value,3408,26.7,26.7,Lithuania,Litauen,Weizen und Produkte,Weizen,"26,7"
FBS,Food Balances (2010-),442,Luxembourg,664,Food supply (kcal/capita/day),S2511,Wheat and products,2019,2019,kcal/capita/day,895,E,Estimated value,3500,25.57,25.57,Luxembourg,Luxemburg,Weizen und Produkte,Weizen,"25,57"
FBS,Food Balances (2010-),450,Madagascar,664,Food supply (kcal/capita/day),S2807,Rice and products,2019,2019,kcal/capita/day,1029,E,Estimated value,1909,53.9,53.9,Madagascar,Madagaskar,Reis und Produkte,Reis,"53,9"
FBS,Food Balances (2010-),454,Malawi,664,Food supply (kcal/capita/day),S2514,Maize and products,2019,2019,kcal/capita/day,1143,E,Estimated value,2597,44.01,44.01,Flame,Malawi,Mais und Produkte,Mais,"44,01"
FBS,Food Balances (2010-),458,Malaysia,664,Food supply (kcal/capita/day),S2807,Rice and products,2019,2019,kcal/capita/day,720,E,Estimated value,2933,24.55,24.55,Malaysia,Malaysia,Reis und Produkte,Reis,"24,55"
FBS,Food Balances (2010-),462,Maldives,664,Food supply (kcal/capita/day),S2807,Rice and products,2019,2019,kcal/capita/day,514,E,Estimated value,2209,23.27,23.27,Maldives,Malediven,Reis und Produkte,Reis,"23,27"
FBS,Food Balances (2010-),466,Mali,664,Food supply (kcal/capita/day),S2807,Rice and products,2019,2019,kcal/capita/day,538,E,Estimated value,2886,18.64,18.64,Had to,Musste,Reis und Produkte,Reis,"18,64"
FBS,Food Balances (2010-),470,Malta,664,Food supply (kcal/capita/day),S2511,Wheat and products,2019,2019,kcal/capita/day,945,E,Estimated value,3377,27.98,27.98,Malta,Malta,Weizen und Produkte,Weizen,"27,98"
FBS,Food Balances (2010-),478,Mauritania,664,Food supply (kcal/capita/day),S2511,Wheat and products,2019,2019,kcal/capita/day,933,E,Estimated value,2874,32.46,32.46,Mauritania,Mauretanien,Weizen und Produkte,Weizen,"32,46"
FBS,Food Balances (2010-),480,Mauritius,664,Food supply (kcal/capita/day),S2511,Wheat and products,2019,2019,kcal/capita/day,844,E,Estimated value,3034,27.82,27.82,Mauritius,Mauritius,Weizen und Produkte,Weizen,"27,82"
FBS,Food Balances (2010-),484,Mexico,664,Food supply (kcal/capita/day),S2514,Maize and products,2019,2019,kcal/capita/day,1020,E,Estimated value,3164,32.24,32.24,Mexico,Mexiko,Mais und Produkte,Mais,"32,24"
FBS,Food Balances (2010-),496,Mongolia,664,Food supply (kcal/capita/day),S2511,Wheat and products,2019,2019,kcal/capita/day,745,E,Estimated value,2878,25.89,25.89,Mongolia,Mongolei,Weizen und Produkte,Weizen,"25,89"
FBS,Food Balances (2010-),499,Montenegro,664,Food supply (kcal/capita/day),S2511,Wheat and products,2019,2019,kcal/capita/day,985,E,Estimated value,3515,28.02,28.02,Montenegro,Montenegro,Weizen und Produkte,Weizen,"28,02"
FBS,Food Balances (2010-),504,Morocco,664,Food supply (kcal/capita/day),S2511,Wheat and products,2019,2019,kcal/capita/day,1370,E,Estimated value,3361,40.76,40.76,Morocco,Marokko,Weizen und Produkte,Weizen,"40,76"
FBS,Food Balances (2010-),508,Mozambique,664,Food supply (kcal/capita/day),S2514,Maize and products,2019,2019,kcal/capita/day,610,E,Estimated value,2127,28.68,28.68,Mozambique,Mosambik,Mais und Produkte,Mais,"28,68"
FBS,Food Balances (2010-),104,Myanmar,664,Food supply (kcal/capita/day),S2807,Rice and products,2019,2019,kcal/capita/day,1211,E,Estimated value,2850,42.49,42.49,Myanmar,Myanmar,Reis und Produkte,Reis,"42,49"
FBS,Food Balances (2010-),516,Namibia,664,Food supply (kcal/capita/day),S2511,Wheat and products,2019,2019,kcal/capita/day,419,E,Estimated value,2474,16.94,16.94,Namibia,Namibia,Weizen und Produkte,Weizen,"16,94"
FBS,Food Balances (2010-),524,Nepal,664,Food supply (kcal/capita/day),S2807,Rice and products,2019,2019,kcal/capita/day,882,E,Estimated value,2881,30.61,30.61,Nepal,Nepal,Reis und Produkte,Reis,"30,61"
FBS,Food Balances (2010-),528,Netherlands,664,Food supply (kcal/capita/day),S2511,Wheat and products,2019,2019,kcal/capita/day,598,E,Estimated value,3347,17.87,17.87,Netherlands,Niederlande,Weizen und Produkte,Weizen,"17,87"
FBS,Food Balances (2010-),540,New Caledonia,664,Food supply (kcal/capita/day),S2511,Wheat and products,2019,2019,kcal/capita/day,785,E,Estimated value,2859,27.46,27.46,New Caledonia,Neu-Kaledonien,Weizen und Produkte,Weizen,"27,46"
FBS,Food Balances (2010-),554,New Zealand,664,Food supply (kcal/capita/day),S2511,Wheat and products,2019,2019,kcal/capita/day,695,E,Estimated value,3229,21.52,21.52,New Zealand,Neuseeland,Weizen und Produkte,Weizen,"21,52"
FBS,Food Balances (2010-),558,Nicaragua,664,Food supply (kcal/capita/day),S2514,Maize and products,2019,2019,kcal/capita/day,650,E,Estimated value,2618,24.83,24.83,Nicaragua,Nicaragua,Mais und Produkte,Mais,"24,83"
FBS,Food Balances (2010-),562,Niger,664,Food supply (kcal/capita/day),S2517,Millet and products,2019,2019,kcal/capita/day,724,E,Estimated value,2621,27.62,27.62,Niger,Niger,Hirse und Produkte,Hirse,"27,62"
FBS,Food Balances (2010-),566,Nigeria,664,Food supply (kcal/capita/day),S2535,Yams,2019,2019,kcal/capita/day,338,E,Estimated value,2567,13.17,13.17,Nigeria,Nigeria,Yams,Yams,"13,17"
FBS,Food Balances (2010-),807,North Macedonia,664,Food supply (kcal/capita/day),S2511,Wheat and products,2019,2019,kcal/capita/day,720,E,Estimated value,3094,23.27,23.27,North Macedonia,Nordmakedonien,Weizen und Produkte,Weizen,"23,27"
FBS,Food Balances (2010-),578,Norway,664,Food supply (kcal/capita/day),S2511,Wheat and products,2019,2019,kcal/capita/day,904,E,Estimated value,3449,26.21,26.21,Norway,Norwegen,Weizen und Produkte,Weizen,"26,21"
FBS,Food Balances (2010-),512,Oman,664,Food supply (kcal/capita/day),S2511,Wheat and products,2019,2019,kcal/capita/day,583,E,Estimated value,2948,19.78,19.78,One's own,Der eigene,Weizen und Produkte,Weizen,"19,78"
FBS,Food Balances (2010-),586,Pakistan,664,Food supply (kcal/capita/day),S2511,Wheat and products,2019,2019,kcal/capita/day,874,E,Estimated value,2483,35.2,35.2,Pakistan,Pakistan,Weizen und Produkte,Weizen,"35,2"
FBS,Food Balances (2010-),591,Panama,664,Food supply (kcal/capita/day),S2807,Rice and products,2019,2019,kcal/capita/day,782,E,Estimated value,2973,26.3,26.3,Panama,Panama,Reis und Produkte,Reis,"26,3"
FBS,Food Balances (2010-),598,Papua New Guinea,664,Food supply (kcal/capita/day),S2511,Wheat and products,2019,2019,kcal/capita/day,300,E,Estimated value,2240,13.39,13.39,Papua New Guinea,Papua Neu-Guinea,Weizen und Produkte,Weizen,"13,39"
FBS,Food Balances (2010-),600,Paraguay,664,Food supply (kcal/capita/day),S2514,Maize and products,2019,2019,kcal/capita/day,693,E,Estimated value,2769,25.03,25.03,Paraguay,Paraguay,Mais und Produkte,Mais,"25,03"
FBS,Food Balances (2010-),604,Peru,664,Food supply (kcal/capita/day),S2807,Rice and products,2019,2019,kcal/capita/day,517,E,Estimated value,2780,18.6,18.6,Peru,Peru,Reis und Produkte,Reis,"18,6"
FBS,Food Balances (2010-),608,Philippines,664,Food supply (kcal/capita/day),S2807,Rice and products,2019,2019,kcal/capita/day,1280,E,Estimated value,2802,45.68,45.68,Philippines,Philippinen,Reis und Produkte,Reis,"45,68"
FBS,Food Balances (2010-),616,Poland,664,Food supply (kcal/capita/day),S2511,Wheat and products,2019,2019,kcal/capita/day,865,E,Estimated value,3507,24.66,24.66,Poland,Polen,Weizen und Produkte,Weizen,"24,66"
FBS,Food Balances (2010-),620,Portugal,664,Food supply (kcal/capita/day),S2511,Wheat and products,2019,2019,kcal/capita/day,688,E,Estimated value,3461,19.88,19.88,Portugal,Portugal,Weizen und Produkte,Weizen,"19,88"
FBS,Food Balances (2010-),410,South Korea,664,Food supply (kcal/capita/day),S2807,Rice and products,2019,2019,kcal/capita/day,640,E,Estimated value,3450,18.55,18.55,South Korea,Südkorea,Reis und Produkte,Reis,"18,55"
FBS,Food Balances (2010-),498,Moldova,664,Food supply (kcal/capita/day),S2511,Wheat and products,2019,2019,kcal/capita/day,791,E,Estimated value,2686,29.45,29.45,Moldavia,Moldau,Weizen und Produkte,Weizen,"29,45"
FBS,Food Balances (2010-),642,Romania,664,Food supply (kcal/capita/day),S2511,Wheat and products,2019,2019,kcal/capita/day,968,E,Estimated value,3585,27,27,Romania,Rumänien,Weizen und Produkte,Weizen,27
FBS,Food Balances (2010-),643,Russia,664,Food supply (kcal/capita/day),S2511,Wheat and products,2019,2019,kcal/capita/day,1099,E,Estimated value,3359,32.72,32.72,Russia,Russland,Weizen und Produkte,Weizen,"32,72"
FBS,Food Balances (2010-),646,Rwanda,664,Food supply (kcal/capita/day),S2546,Beans,2019,2019,kcal/capita/day,321,E,Estimated value,2213,14.51,14.51,Rwanda,Ruanda,Bohnen,Bohnen,"14,51"
FBS,Food Balances (2010-),659,Saint Kitts and Nevis,664,Food supply (kcal/capita/day),S2511,Wheat and products,2019,2019,kcal/capita/day,400,E,Estimated value,2555,15.66,15.66,Saint Kitts and Nevis,St. Kitts und Nevis,Weizen und Produkte,Weizen,"15,66"
FBS,Food Balances (2010-),662,Saint Lucia,664,Food supply (kcal/capita/day),S2511,Wheat and products,2019,2019,kcal/capita/day,724,E,Estimated value,2629,27.54,27.54,Saint Lucia,Heiliger Lucia,Weizen und Produkte,Weizen,"27,54"
FBS,Food Balances (2010-),670,Saint Vincent and the Grenadines,664,Food supply (kcal/capita/day),S2511,Wheat and products,2019,2019,kcal/capita/day,591,E,Estimated value,2942,20.09,20.09,Saint Vincent and the Grenadines,St. Vincent und die Grenadinen,Weizen und Produkte,Weizen,"20,09"
FBS,Food Balances (2010-),882,Samoa,664,Food supply (kcal/capita/day),S2511,Wheat and products,2019,2019,kcal/capita/day,589,E,Estimated value,3094,19.04,19.04,Samoa,Samoa,Weizen und Produkte,Weizen,"19,04"
FBS,Food Balances (2010-),678,São Tomé and Príncipe,664,Food supply (kcal/capita/day),S2511,Wheat and products,2019,2019,kcal/capita/day,458,E,Estimated value,2400,19.08,19.08,Sao Tome and Principe,Sao Tome und Principe,Weizen und Produkte,Weizen,"19,08"
FBS,Food Balances (2010-),682,Saudi Arabia,664,Food supply (kcal/capita/day),S2511,Wheat and products,2019,2019,kcal/capita/day,868,E,Estimated value,3301,26.3,26.3,Saudi Arabia,Saudi-Arabien,Weizen und Produkte,Weizen,"26,3"
FBS,Food Balances (2010-),686,Senegal,664,Food supply (kcal/capita/day),S2807,Rice and products,2019,2019,kcal/capita/day,760,E,Estimated value,2601,29.22,29.22,Senegal,Senegal,Reis und Produkte,Reis,"29,22"
FBS,Food Balances (2010-),688,Serbia,664,Food supply (kcal/capita/day),S2511,Wheat and products,2019,2019,kcal/capita/day,842,E,Estimated value,2860,29.44,29.44,Serbia,Serbien,Weizen und Produkte,Weizen,"29,44"
FBS,Food Balances (2010-),690,Seychelles,664,Food supply (kcal/capita/day),S2511,Wheat and products,2019,2019,kcal/capita/day,713,E,Estimated value,3121,22.85,22.85,Seychelles,Seychellen,Weizen und Produkte,Weizen,"22,85"
FBS,Food Balances (2010-),694,Sierra Leone,664,Food supply (kcal/capita/day),S2807,Rice and products,2019,2019,kcal/capita/day,917,E,Estimated value,2333,39.31,39.31,Sierra Leone,Sierra Leone,Reis und Produkte,Reis,"39,31"
FBS,Food Balances (2010-),703,Slovakia,664,Food supply (kcal/capita/day),S2511,Wheat and products,2019,2019,kcal/capita/day,759,E,Estimated value,2911,26.07,26.07,Slovakia,Slowakei,Weizen und Produkte,Weizen,"26,07"
FBS,Food Balances (2010-),705,Slovenia,664,Food supply (kcal/capita/day),S2511,Wheat and products,2019,2019,kcal/capita/day,854,E,Estimated value,3152,27.09,27.09,Slovenia,Slowenien,Weizen und Produkte,Weizen,"27,09"
FBS,Food Balances (2010-),90,Solomon Islands,664,Food supply (kcal/capita/day),S2807,Rice and products,2019,2019,kcal/capita/day,583,E,Estimated value,2408,24.21,24.21,Solomon Islands,Salomon-Inseln,Reis und Produkte,Reis,"24,21"
FBS,Food Balances (2010-),710,South Africa,664,Food supply (kcal/capita/day),S2514,Maize and products,2019,2019,kcal/capita/day,822,E,Estimated value,2891,28.43,28.43,South Africa,Südafrika,Mais und Produkte,Mais,"28,43"
FBS,Food Balances (2010-),724,Spain,664,Food supply (kcal/capita/day),S2511,Wheat and products,2019,2019,kcal/capita/day,675,E,Estimated value,3346,20.17,20.17,Spain,Spanien,Weizen und Produkte,Weizen,"20,17"
FBS,Food Balances (2010-),144,Sri Lanka,664,Food supply (kcal/capita/day),S2807,Rice and products,2019,2019,kcal/capita/day,1098,E,Estimated value,2719,40.38,40.38,Sri Lanka,Sri Lanka,Reis und Produkte,Reis,"40,38"
FBS,Food Balances (2010-),729,Sudan,664,Food supply (kcal/capita/day),S2518,Sorghum and products,2019,2019,kcal/capita/day,593,E,Estimated value,2579,22.99,22.99,Sudan,Sudan,Sorghum und Produkte,Sorghum,"22,99"
FBS,Food Balances (2010-),740,Suriname,664,Food supply (kcal/capita/day),S2807,Rice and products,2019,2019,kcal/capita/day,641,E,Estimated value,2758,23.24,23.24,Suriname,Suriname,Reis und Produkte,Reis,"23,24"
FBS,Food Balances (2010-),752,Sweden,664,Food supply (kcal/capita/day),S2511,Wheat and products,2019,2019,kcal/capita/day,665,E,Estimated value,3180,20.91,20.91,Sweden,Schweden,Weizen und Produkte,Weizen,"20,91"
FBS,Food Balances (2010-),756,Switzerland,664,Food supply (kcal/capita/day),S2511,Wheat and products,2019,2019,kcal/capita/day,696,E,Estimated value,3375,20.62,20.62,Switzerland,Schweiz,Weizen und Produkte,Weizen,"20,62"
FBS,Food Balances (2010-),760,Syria,664,Food supply (kcal/capita/day),S2511,Wheat and products,2019,2019,kcal/capita/day,1092,E,Estimated value,2758,39.59,39.59,Syria,Syrien,Weizen und Produkte,Weizen,"39,59"
FBS,Food Balances (2010-),762,Tajikistan,664,Food supply (kcal/capita/day),S2511,Wheat and products,2019,2019,kcal/capita/day,1083,E,Estimated value,2482,43.63,43.63,Tajikistan,Tadschikistan,Weizen und Produkte,Weizen,"43,63"
FBS,Food Balances (2010-),764,Thailand,664,Food supply (kcal/capita/day),S2807,Rice and products,2019,2019,kcal/capita/day,1035,E,Estimated value,2804,36.91,36.91,Thailand,Thailand,Reis und Produkte,Reis,"36,91"
FBS,Food Balances (2010-),626,Timor-Leste,664,Food supply (kcal/capita/day),S2807,Rice and products,2019,2019,kcal/capita/day,692,E,Estimated value,2231,31.02,31.02,Timor read,Osttimor,Reis und Produkte,Reis,"31,02"
FBS,Food Balances (2010-),768,Togo,664,Food supply (kcal/capita/day),S2514,Maize and products,2019,2019,kcal/capita/day,674,E,Estimated value,2465,27.34,27.34,Togo,Togo,Mais und Produkte,Mais,"27,34"
FBS,Food Balances (2010-),780,Trinidad and Tobago,664,Food supply (kcal/capita/day),S2511,Wheat and products,2019,2019,kcal/capita/day,757,E,Estimated value,2954,25.63,25.63,Trinidad and Tobago,Trinidad und Tobago,Weizen und Produkte,Weizen,"25,63"
FBS,Food Balances (2010-),788,Tunisia,664,Food supply (kcal/capita/day),S2511,Wheat and products,2019,2019,kcal/capita/day,1584,E,Estimated value,3498,45.28,45.28,Tunisia,Tunesien,Weizen und Produkte,Weizen,"45,28"
FBS,Food Balances (2010-),792,Turkey,664,Food supply (kcal/capita/day),S2511,Wheat and products,2019,2019,kcal/capita/day,1275,E,Estimated value,3732,34.16,34.16,Turkey,Truthahn,Weizen und Produkte,Weizen,"34,16"
FBS,Food Balances (2010-),795,Turkmenistan,664,Food supply (kcal/capita/day),S2511,Wheat and products,2019,2019,kcal/capita/day,1483,E,Estimated value,2879,51.51,51.51,Turkmenistan,Turkmenistan,Weizen und Produkte,Weizen,"51,51"
FBS,Food Balances (2010-),800,Uganda,664,Food supply (kcal/capita/day),S2616,Plantains,2019,2019,kcal/capita/day,416,E,Estimated value,2156,19.29,19.29,Uganda,Uganda,Kochbananen,Kochbananen,"19,29"
FBS,Food Balances (2010-),804,Ukraine,664,Food supply (kcal/capita/day),S2511,Wheat and products,2019,2019,kcal/capita/day,848,E,Estimated value,3033,27.96,27.96,Ukraine,Ukraine,Weizen und Produkte,Weizen,"27,96"
FBS,Food Balances (2010-),784,United Arab Emirates,664,Food supply (kcal/capita/day),S2511,Wheat and products,2019,2019,kcal/capita/day,806,E,Estimated value,3087,26.11,26.11,United Arab Emirates,Vereinigte Arabische Emirate,Weizen und Produkte,Weizen,"26,11"
FBS,Food Balances (2010-),826,United Kingdom,664,Food supply (kcal/capita/day),S2511,Wheat and products,2019,2019,kcal/capita/day,866,E,Estimated value,3397,25.49,25.49,United Kingdom,Vereinigtes Königreich,Weizen und Produkte,Weizen,"25,49"
FBS,Food Balances (2010-),834,United Republic of Tanzania,664,Food supply (kcal/capita/day),S2514,Maize and products,2019,2019,kcal/capita/day,500,E,Estimated value,2375,21.05,21.05,United Republic of Tanzania,Vereinigte Republik Tansania,Mais und Produkte,Mais,"21,05"
FBS,Food Balances (2010-),840,United States of America,664,Food supply (kcal/capita/day),S2511,Wheat and products,2019,2019,kcal/capita/day,607,E,Estimated value,3861,15.72,15.72,United States of America,Vereinigte Staaten von Amerika,Weizen und Produkte,Weizen,"15,72"
FBS,Food Balances (2010-),858,Uruguay,664,Food supply (kcal/capita/day),S2511,Wheat and products,2019,2019,kcal/capita/day,811,E,Estimated value,3208,25.28,25.28,Uruguay,Uruguay,Weizen und Produkte,Weizen,"25,28"
FBS,Food Balances (2010-),860,Uzbekistan,664,Food supply (kcal/capita/day),S2511,Wheat and products,2019,2019,kcal/capita/day,1349,E,Estimated value,3219,41.91,41.91,Uzbekistan,Usbekistan,Weizen und Produkte,Weizen,"41,91"
FBS,Food Balances (2010-),548,Vanuatu,664,Food supply (kcal/capita/day),S2560,Coconuts - Incl Copra,2019,2019,kcal/capita/day,454,E,Estimated value,2606,17.42,17.42,Vanuatu,Vanuatu,Kokosnüsse - inkl. Copra,Kokosnüsse - inkl. Copra,"17,42"
FBS,Food Balances (2010-),862,Venezuela,664,Food supply (kcal/capita/day),S2514,Maize and products,2019,2019,kcal/capita/day,339,E,Estimated value,2200,15.41,15.41,Venezuela,Venezuela,Mais und Produkte,Mais,"15,41"
FBS,Food Balances (2010-),704,Vietnam,664,Food supply (kcal/capita/day),S2807,Rice and products,2019,2019,kcal/capita/day,1366,E,Estimated value,2937,46.51,46.51,Vietnam,Vietnam,Reis und Produkte,Reis,"46,51"
FBS,Food Balances (2010-),887,Yemen,664,Food supply (kcal/capita/day),S2511,Wheat and products,2019,2019,kcal/capita/day,925,E,Estimated value,2017,45.86,45.86,Yemen,Jemen,Weizen und Produkte,Weizen,"45,86"
FBS,Food Balances (2010-),894,Zambia,664,Food supply (kcal/capita/day),S2514,Maize and products,2019,2019,kcal/capita/day,1089,E,Estimated value,2261,48.16,48.16,Zambia,Sambia,Mais und Produkte,Mais,"48,16"
FBS,Food Balances (2010-),716,Zimbabwe,664,Food supply (kcal/capita/day),S2514,Maize and products,2019,2019,kcal/capita/day,572,E,Estimated value,1704,33.57,33.57,Zimbabwe,Zimbabwe,Mais und Produkte,Mais,"33,57"